{
  "flat_turboquant": {
    "2": {
      "recall_1": 3.4000000953674316,
      "recall_10": 12.4,
      "compression_ratio": 5.333333333333333
    },
    "3": {
      "recall_1": 15.399999618530273,
      "recall_10": 43.8,
      "compression_ratio": 4.0
    },
    "4": {
      "recall_1": 37.599998474121094,
      "recall_10": 87.0,
      "compression_ratio": 3.2
    }
  },
  "wht_asym": {
    "2": {
      "recall_1": 27.200000762939453,
      "recall_10": 70.39999999999999,
      "compression_ratio": 6.4
    },
    "3": {
      "recall_1": 47.79999923706055,
      "recall_10": 94.39999999999999,
      "compression_ratio": 4.571428571428571
    },
    "4": {
      "recall_1": 67.5999984741211,
      "recall_10": 99.6,
      "compression_ratio": 3.5555555555555554
    }
  },
  "outlier_split": {
    "2.5": {
      "recall_1": 33.0,
      "recall_10": 82.39999999999999,
      "compression_ratio": 5.333333333333333
    },
    "3.5": {
      "recall_1": 57.599998474121094,
      "recall_10": 97.0,
      "compression_ratio": 4.0
    }
  }
}