{
  "flat_turboquant": {
    "2": {
      "recall_1": 3.2,
      "recall_10": 13.600000000000001,
      "mean_rank": 586.22,
      "compression_ratio": 6.4
    },
    "3": {
      "recall_1": 16.400000000000002,
      "recall_10": 52.0,
      "mean_rank": 55.09,
      "compression_ratio": 4.571428571428571
    },
    "4": {
      "recall_1": 40.0,
      "recall_10": 89.0,
      "mean_rank": 4.918,
      "compression_ratio": 3.5555555555555554
    }
  },
  "wht_asym": {
    "2": {
      "recall_1": 2.6,
      "recall_10": 12.6,
      "mean_rank": 562.21,
      "compression_ratio": 6.4
    },
    "3": {
      "recall_1": 16.2,
      "recall_10": 50.4,
      "mean_rank": 57.452,
      "compression_ratio": 4.571428571428571
    },
    "4": {
      "recall_1": 40.2,
      "recall_10": 89.8,
      "mean_rank": 4.906,
      "compression_ratio": 3.5555555555555554
    }
  },
  "outlier_split": {
    "2.5": {
      "recall_1": 30.0,
      "recall_10": 78.4,
      "mean_rank": 9.328,
      "compression_ratio": 5.818181818181818
    },
    "3.5": {
      "recall_1": 56.00000000000001,
      "recall_10": 97.6,
      "mean_rank": 2.272,
      "compression_ratio": 4.266666666666667
    }
  }
}