{
  "flat_turboquant": {
    "2": {
      "recall_1": 3.4000000953674316,
      "recall_10": 15.4,
      "compression_ratio": 6.4
    },
    "3": {
      "recall_1": 16.599998474121094,
      "recall_10": 51.800000000000004,
      "compression_ratio": 4.571428571428571
    },
    "4": {
      "recall_1": 45.0,
      "recall_10": 90.0,
      "compression_ratio": 3.5555555555555554
    }
  },
  "wht_asym": {
    "2": {
      "recall_1": 3.0,
      "recall_10": 12.4,
      "compression_ratio": 6.4
    },
    "3": {
      "recall_1": 15.80000114440918,
      "recall_10": 48.6,
      "compression_ratio": 4.571428571428571
    },
    "4": {
      "recall_1": 40.400001525878906,
      "recall_10": 88.0,
      "compression_ratio": 3.5555555555555554
    }
  },
  "outlier_split": {
    "2.5": {
      "recall_1": 34.400001525878906,
      "recall_10": 77.60000000000001,
      "compression_ratio": 5.818181818181818
    },
    "3.5": {
      "recall_1": 57.400001525878906,
      "recall_10": 96.39999999999999,
      "compression_ratio": 4.266666666666667
    }
  }
}